TIME,METRIC VALUE
2.386988639831543,0
5.552438020706177,0
