TIME,METRIC VALUE
2.386988639831543,43.5
5.552438020706177,43.5
