Execution Type,not-simult
Executions Number,5
Frequency,510000000MHz
Average Power consumed,3.4186395833333343W
Average GPU Temp,44.739583333333336C
App,SET DEVICE,MEM COPY IN,KERNEL,MEM COPY OUT,MEM FREE,TOTAL
LavaMD,0.098022997379,0.004565000068,7.287493228912,0.010091999546,0.003833000083,7.416192054749
,0.093846000731,0.004428000189,7.285836219788,0.008824000135,0.00383000006,7.408522129059
,0.095196999609,0.004412999842,7.28760099411,0.008228999563,0.003488000017,7.41143321991
,0.09257800132,0.004482000135,7.285045146942,0.009135000408,0.003965999931,7.4070520401
,0.102375999093,0.004844000097,7.286193847656,0.009002000093,0.004211000167,7.418487071991
Average,0.09640399962639999,0.0045464000662,7.2864338874816,0.009056399949,0.0038656000516,7.4123373031618005

App,HtoD,DtoH,Exec,Total
BFS,95.548012,0.867,1.535,118.570999
,92.291008,0.845,1.46,114.832001
,93.355003,0.861,1.397,116.224998
,96.884003,0.935,1.446,119.960999
,98.799011,0.91,1.439,123.725998
Average,95.3754074,0.8836,1.4554,118.66299900000001

