Execution Type,simult
Executions Number,4
Frequency,803250000MHz
Average Power consumed,2.11555W
Average GPU Temp,43.125 °C
Average RAM used,1347.75 MB

App,SET DEVICE,MEM COPY IN,KERNEL,MEM COPY OUT,MEM FREE,TOTAL
LavaMD,0.127132996917,0.001704000053,0.821879029274,0.004594999831,0.001105000032,0.95914298296
,0.123617999256,0.00182200002,0.822803020477,0.005193999968,0.000975999981,0.956425011158
,0.127434998751,0.001783999964,0.822567999363,0.005303999875,0.000913000025,0.960289001465
,0.12521199882,0.001731000026,0.825119972229,0.005379999988,0.000941000006,0.96065300703
Average,0.12584949843600002,0.00176025001575,0.82309250533575,0.0051182499155000005,0.000983750011,0.95912750065325

App,HtoD,DtoH,Exec,Total
BFS,148.767044,5.492,16.334999,576.28302
,139.89502,6.881,16.559,566.968994
,131.879013,5.971,16.139999,557.91803
,146.643036,6.059,16.32,580.278992
Average,141.79602825,6.100750000000001,16.338499499999998,570.362259

