App,SET DEVICE,MEM COPY IN,KERNEL,MEM COPY OUT,MEM FREE,TOTAL
LavaMD,0.216491997242,0.007550000213,1.509181022644,0.005801000167,0.000777999987,1.742539048195
,0.140318006277,0.001273000031,1.602064967155,0.005408000201,0.000783999974,1.75630402565
,0.195822998881,0.001247999957,1.587335944176,0.005324999802,0.000766000012,1.792583942413
,0.189087003469,0.001457000035,1.214184999466,0.007635000162,0.001097999979,1.42004096508
Average,0.18543000146725,0.0028820000589999998,1.47819173336025,0.006042250083,0.000856499988,1.6778669953345

App,Time Consumed Values
LUD,13.998000
,4.622000
,0.727000
,6.693000
,13.998000
,4.622000
,0.727000
,6.693000
Average,6.509999999999999

App,VIDEO SEQUENCE TOOK,TIME TO SEND TO GPU,GPU Execution,FREE TIME,PARTICLE FILTER TOOK,ENTIRE PROGRAM TOOK
Particle Filter,0.036498,0.008258,0.090975,0.000211,0.343546,0.380044
,0.032169,0.00672,0.093993,0.000213,0.283601,0.31577
,0.023181,0.005701,0.091715,0.00025,0.288168,0.311349
,0.031834,0.000774,0.055732,0.000207,0.254464,0.286298
Average,0.030920500000000004,0.00536325,0.08310375,0.00022025000000000001,0.29244475000000003,0.32336524999999994

App,Seconds per Iteration
CFD,0.00194266
,0.00196944
,0.001977
,0.00189542
Average,0.00194613

App,HtoD,DtoH,Exec,Total
BFS,147.600006,21.336,47.813999,505.045013
,145.442017,20.130001,47.702,504.998993
,149.644028,21.370998,47.796001,509.661987
,141.41806,21.450001,47.950001,498.125
Average,146.02602775,21.07175,47.81550025,504.45774825

App,RESIZE IMAGE,COPY DATA TO CPU->GPU,EXTRACT IMAGE,COMPRESS IMAGE,COMPUTE,COPY DATA TO GPU->CPU,"GPU DRIVER INIT, CPU/GPU SETUP, MEMORY ALLOCATION",TOTAL
Srad,1.9999999e-05,0.000326999987,5.1999999e-05,1.4e-05,0.401439994574,0.002572000027,0.220696002245,0.626399993896 
,2.1e-05,0.002667000052,6.7000001e-05,1.4e-05,0.433252006769,0.002610000083,0.246903002262,0.686784029007 
,1.9999999e-05,0.002411999973,6.4e-05,7.6999997e-05,0.418247014284,0.002325000009,0.22492299974,0.649466991425 
,1.9999999e-05,4.0999999e-05,6.0999999e-05,2.4000001e-05,0.022788999602,5.9999998e-05,0.176079005003,0.200148001313 
Average,2.024999925e-05,0.00136175000275,6.099999975e-05,3.22499995e-05,0.31893200380725,0.00189175002925,0.2171502523125,0.54069975391025

