App,SET DEVICE,MEM COPY IN,KERNEL,MEM COPY OUT,MEM FREE,TOTAL
LavaMD,0.199702993035,0.003548000008,0.875211000443,0.004251999781,0.000752999971,1.088435053825
,0.154394999146,0.001386999968,0.98496901989,0.00415199995,0.000913000025,1.148162961006
,0.242359995842,0.001415999955,0.845169007778,0.004108999856,0.00070199999,1.097743988037
,0.216091006994,0.001376,0.958528995514,0.004087000154,0.000681000005,1.189826965332
Average,0.20313724875425,0.0019317499827500003,0.9159695059062499,0.0041499999352499995,0.00076224999775,1.1310422420500001

App,Time Consumed Values
LUD,1.102000
,2.301000
,1.695000
,4.961000
,1.102000
,2.301000
,1.695000
,4.961000
Average,2.5147500000000003

App,VIDEO SEQUENCE TOOK,TIME TO SEND TO GPU,GPU Execution,FREE TIME,PARTICLE FILTER TOOK,ENTIRE PROGRAM TOOK
Particle Filter,0.024961,0.001447,0.085852,0.000137,0.368074,0.393035
,0.023523,0.008095,0.093222,0.00026,0.294965,0.318488
,0.024478,0.000689,0.060525,0.000245,0.305372,0.32985
,0.023328,0.000233,0.061346,0.000133,0.249221,0.272549
Average,0.0240725,0.0026160000000000003,0.07523625,0.00019375,0.30440799999999996,0.3284805

App,Seconds per Iteration
CFD,0.00345655
,0.00345206
,0.00345153
,0.00344735
Average,0.0034518725

App,HtoD,DtoH,Exec,Total
BFS,211.046982,0.519,0.35,216.216003
,215.659973,15.757999,12.229,246.423996
,233.883011,3.874,2.117,243.035995
,180.169998,0.38,0.55,184.173996
Average,210.189991,5.1327497499999994,3.8114999999999997,222.46249749999998

App,RESIZE IMAGE,COPY DATA TO CPU->GPU,EXTRACT IMAGE,COMPRESS IMAGE,COMPUTE,COPY DATA TO GPU->CPU,"GPU DRIVER INIT, CPU/GPU SETUP, MEMORY ALLOCATION",TOTAL
Srad,2.4000001e-05,1.2e-05,7.7999997e-05,1.8999999e-05,0.033268000931,3.5000001e-05,0.198452994227,0.233127996325 
,1.9999999e-05,0.000464000012,5.3e-05,2.1e-05,0.399246007204,0.00255799992,0.202296003699,0.605727016926 
,2.1e-05,0.000377999997,4.9999999e-05,1.1e-05,0.052863001823,3.7999998e-05,0.169357001781,0.223629996181 
,1.9999999e-05,0.002502999967,9.8999997e-05,1.3e-05,0.401845991611,0.002598999999,0.228906005621,0.637261986732 
Average,2.124999975e-05,0.0008392499940000001,6.999999825e-05,1.599999975e-05,0.22180575039225,0.0013074999795,0.19975300133199997,0.424936749041

