Execution Type,not-simult
Executions Number,6
Frequency,956250000MHz
Average Power consumed,2.6267W
Average GPU Temp,44.166666666666664C
App,SET DEVICE,MEM COPY IN,KERNEL,MEM COPY OUT,MEM FREE,TOTAL
LavaMD,0.097411997616,0.001197000034,0.824905991554,0.004906999879,0.001038999995,0.931508004665
,0.088849999011,0.001110999961,0.823894023895,0.003725999966,0.000746999984,0.919911026955
,0.09313300252,0.00117199996,0.822881996632,0.00373300002,0.001038999995,0.924201011658
,0.094423003495,0.001211000024,0.822845995426,0.004269999918,0.000964000006,0.925769984722
,0.094327002764,0.001167000039,0.822444021702,0.003992999904,0.000956000003,0.924955010414
,0.094449996948,0.001212000032,0.824491024017,0.003728999989,0.000913999975,0.926832020283
Average,0.09376583372566667,0.0011783333416666667,0.8235771755376665,0.0040596666126666665,0.0009431666596666667,0.9255295097828333

