Execution Type,not-simult
Executions Number,5
Frequency,306000000MHz
Average Power consumed,3.559215254237279W
Average GPU Temp,44.601694915254235C
App,SET DEVICE,MEM COPY IN,KERNEL,MEM COPY OUT,MEM FREE,TOTAL
LavaMD,0.094319999218,0.012037999928,25.438259124756,0.018905999139,0.007292999886,25.610460281372
,0.09869799763,0.01195700001,25.438919067383,0.018280999735,0.007366999984,25.612327575684
,0.098567999899,0.012210999615,25.439035415649,0.018628999591,0.006767999846,25.614635467529
,0.088514000177,0.011564999819,25.440427780151,0.021533999592,0.008284999989,25.609260559082
,0.101176001132,0.012996999547,25.438819885254,0.021376000717,0.007864000276,25.621063232422
Average,0.0962551996112,0.012153599783800002,25.4390922546386,0.0197451997548,0.007515399996200001,25.613549423217798

App,HtoD,DtoH,Exec,Total
BFS,97.600006,0.306,0.419,107.918999
,96.345001,0.455,0.365,99.224998
,92.985008,0.385,0.421,95.547997
,89.152016,0.44,0.45,91.866997
,100.494011,0.413,0.668,103.414001
Average,95.31520839999999,0.3998,0.4646,99.5945984

