App,SET DEVICE,MEM COPY IN,KERNEL,MEM COPY OUT,MEM FREE,TOTAL
LavaMD,0.17883400619,0.001297999988,0.963627994061,0.004073999822,0.000728000014,1.158851027489
,0.262502014637,0.002481000032,0.855186998844,0.003916000016,0.000777999987,1.128216981888
,0.196760997176,0.001240000012,0.894702017307,0.00410000002,0.000719000003,1.101513028145
Average,0.212699006001,0.0016730000106666666,0.9045056700706667,0.004029999952666667,0.000741666668,1.1295270125073333

App,Time Consumed Values
LUD,9.063000
,0.695000
,1.437000
,9.063000
,0.695000
,1.437000
Average,3.7316666666666674

App,VIDEO SEQUENCE TOOK,TIME TO SEND TO GPU,GPU Execution,FREE TIME,PARTICLE FILTER TOOK,ENTIRE PROGRAM TOOK
Particle Filter,0.027517,0.006991,0.096993,0.000139,0.304404,0.331921
,0.03256,0.000752,0.052364,0.000174,0.198638,0.231198
,0.030799,0.002816,0.084682,0.000195,0.294709,0.325508
Average,0.030292,0.003519666666666666,0.078013,0.00016933333333333332,0.265917,0.296209

App,Seconds per Iteration
CFD,0.00341815
,0.00346876
,0.00346885
Average,0.0034519199999999994

App,HtoD,DtoH,Exec,Total
BFS,180.102036,16.753,15.294001,232.225006
,169.152039,16.883999,15.121,222.306
,150.962021,15.257,13.937,200.128998
Average,166.73869866666666,16.297999666666666,14.784000333333333,218.22000133333336

App,RESIZE IMAGE,COPY DATA TO CPU->GPU,EXTRACT IMAGE,COMPRESS IMAGE,COMPUTE,COPY DATA TO GPU->CPU,"GPU DRIVER INIT, CPU/GPU SETUP, MEMORY ALLOCATION",TOTAL
Srad,1.9999999e-05,1.4e-05,5.1999999e-05,2.3000001e-05,0.331142991781,0.002610000083,0.185662001371,0.520583987236 
,1.9999999e-05,1.2e-05,5.7000001e-05,1.2e-05,0.10590299964,0.001763000037,0.252296000719,0.361194998026 
,2.2e-05,1.1e-05,5.5e-05,2.4999999e-05,0.041085001081,0.000182000003,0.13410499692,0.176627993584 
Average,2.0666666e-05,1.2333333333333334e-05,5.466666666666667e-05,1.9999999999999998e-05,0.15937699750066667,0.0015183333743333334,0.19068766633666667,0.352802326282

