Execution Type,simult
Executions Number,6
Frequency,854250000 MHz
Average Power consumed,3.2781 W
Average GPU Temp,45.0 °C
Average RAM used,1334.857142857143 MB
Average GPU used,75.14285714285714 %
Total execution time,19.32425546646118 s

Workloads used by each application
BFS,graph65536.txt
LavaMD, -boxes1d 15

Execution times per iteration
1,3.2198166847229004
2,3.217357635498047
3,3.2230722904205322
4,3.219801187515259
5,3.212738037109375
6,3.2149507999420166

Application-specific iteration metrics

App,SET DEVICE,MEM COPY IN,KERNEL,MEM COPY OUT,MEM FREE,TOTAL
LavaMD,0.099899999797,0.005824999884,2.996726989746,0.006823999807,0.00226400001,3.117373943329
,0.089088998735,0.003246000037,3.000160932541,0.006604999769,0.002789000049,3.106349945068
,0.099993996322,0.003093000036,2.996043920517,0.006281000096,0.002438999945,3.113753080368
,0.099220998585,0.004139999859,2.995862007141,0.005303999875,0.001643000054,3.110994100571
,0.102077998221,0.003275000025,2.989487886429,0.006043000147,0.002455000067,3.108063936234
,0.097465999424,0.003208999988,2.988732099533,0.006945999805,0.002358000027,3.103847980499
Average,0.097957998514,0.0037979999714999996,2.9945023059845,0.0063338332498333325,0.002324666692,3.1100638310115

App,HtoD,DtoH,Exec,Total
BFS,141.820023,15.2,13.962,192.251999
,131.677002,13.915001,13.875999,180.457001
,121.774002,13.954,13.823999,170.378006
,125.328995,15.217001,14.008,175.761993
,112.315994,15.168,13.870001,162.550995
,109.845001,15.183999,13.998,159.509995
Average,123.79350283333333,14.773000166666668,13.922999833333334,173.48499816666663

